"","rRichness","cv","varrat","AvgPlotRich","Evenness","Jaccard","Turnover","Npatches","growrt","competition","env_var","disp","patch_het","autocorr","sp_mean_synchrony","jacc.tu","jacc.ne"
"1",0.466934074912016,0.256635497339822,2.17061246486832,35.6335784313725,0.802972681871663,0.962464469449443,0.00803128639385381,64,0.239903575042263,0.0543678367976099,0.44857026351383,0.0463320114649832,0.300549564301036,0.616936421021819,0.628040479883338,0.987072727126081,0.975391742323363
"2",-0.0126163901458019,0.0189007674111169,0.508182040385731,30.8720043572985,0.934382333545666,1,0.0010206487398763,36,0.029482846672181,0.164599432726391,0.0537660938687623,0.164912337251008,0.00211141887120903,0.517884536529891,0.151993907526393,1,1
"4",-0.0141578682755153,0.148487221250891,1.13056276084237,18.9498910675381,0.926854499386222,1,0.000600600600600601,9,0.113375021144748,0.163159536896273,0.219069444492925,0.152693161880597,0.0965446291957051,0.0760140090133063,0.53218610251118,1,1
"6",1,0.20847616881342,0.740854995186482,4,0.985602693305894,1,0,36,0.217248462722637,0.300564860692248,0.316726040083449,0.171332368208095,0.220828905934468,0.447451434738468,0.828960030165912,1,1
"7",0.0860698207202856,0.0374203409976383,0.352270651405556,36.7345649003403,0.890947412516724,0.999586776859504,0.0139965681600863,121,0.236873600981198,0.169359318679199,0.0946198701509275,0.126369092892855,0.314506617956795,0.679798790195491,0.170636387470988,1,0.999586776859504
"8",0.00390648567119155,0.0166846917054355,0.426392119971029,50.2136854741897,0.88591847581998,0.96300458034307,0.00857730368715065,49,0.155977551825345,0.165727245854214,0.0798896696302109,0.0444625307805836,0.4352499214001,0.260147433669772,0.0833085631283375,0.982754627903754,0.980249952439316
"9",0.666757595345831,0.261573216728531,6.79616054108897,105.443899782135,0.897483681315677,0.984471528855828,0.0223230074460983,36,0.112263743649237,0.0407096483977512,0.328891460062005,0.181736961752176,0.226262002601288,0.417327082541306,0.492366009613089,0.992631073883148,0.99184045497268
"10",0.139913762054938,0.237536402443481,3.87223859612172,17.9701960784314,0.910218083126211,1,0.00784772445928518,100,0.138386539591011,0.260669056791812,0.332191770209465,0.190930675389245,0.268294162466191,0.244108583196066,0.458648948851282,1,1
"11",0.0789402714932127,0.388755942580246,2.30874285007542,22.1341176470588,0.829543962785635,0.962984615384615,0.0127584986730282,25,0.204822035564575,0.287751640658826,0.227512722159736,0.0622198688331991,0.041978053515777,0.700594416470267,0.402615173273466,0.991158974358974,0.971825641025641
"12",0.269140403337236,0.201210434144766,1.97642520724906,22.4916938997821,0.910009372166066,0.990309754348216,0.00427614060287058,144,0.146685171173885,0.222156282397918,0.375758208113257,0.0172717407345772,0.223253914737143,0.0628854085807689,0.636902457271212,0.998980933596318,0.991328820751898
"14",0.0474718167923338,0.0527917483624043,0.546834832413998,10.9223788689029,0.87579797040863,0.958203940228734,0.00282392345364459,121,0.173691182339098,0.40300428122282,0.153609510394745,0.0108398851007223,0.237308493466116,0.184682955848984,0.420932958159738,0.999104683195592,0.959099257033141
"15",0.735920334567393,0.290167888947501,4.71027041117031,60.736509479825,0.812044080563756,0.987474371710596,0.0182292332919612,121,0.127809784666169,0.0360023999819532,0.459122040774673,0.185796508798376,0.124100669287145,0.493582173949108,0.615517418708152,0.997023771779643,0.990450599930953
"16",-0.00161552427238702,0.0410749671204025,0.503771547226464,29.2519970951343,0.820484854653446,0.980922067901235,0.0121232144849472,81,0.123325347143691,0.124102171859704,0.172048417350743,0.17219814369455,0.431883703335188,0.0666641182615422,0.199281706076356,0.996720679012346,0.984201388888889
"17",0.34490765536984,0.255249665098889,3.22439313542429,32.4141656662665,0.9082782377845,0.993840779555065,0.011544379524309,49,0.202731290948577,0.145446015638299,0.336005742661655,0.066629472700879,0.0202342700213194,0.396329287730623,0.56445295608118,0.999770178341607,0.994070601213458
"18",0.666942081447964,0.161847315208463,4.33775512940575,106.476078431373,0.900623693379846,1,0.00961554694120458,25,0.245585902826861,0.0112136863172054,0.444603231328074,0.178777780011296,0.356185190845281,0.712973048735876,0.491509874738425,1,1
"19",0.00696229260935143,0.0335347641681405,1.92486759152695,66.0526960784314,0.833684121522773,0.912865022492366,0.00311260875040492,16,0.124914056854323,0.095801969524473,0.0950662171817385,0.0148562584538013,0.276296349707991,0.0845650794217363,0.134537275013316,0.935316093754825,0.97754892873754
"20",0.810487225193107,0.0302408981037559,0.174507211998467,12.9935294117647,0.946329896962683,1,0.000409333333333333,100,0.18603867397178,0.246239514905028,0.147329769993667,0.188822133466601,0.159531307639554,0.620694905344862,0.386979691914223,1,1
"21",0.357574520976482,0.225747280632065,3.89457111172618,36.4328249818446,0.899156772430944,0.978636711647048,0.0172015286351947,81,0.155308595916722,0.173206552746706,0.2229657886317,0.081437110202387,0.124942615278997,0.356752785213757,0.377500117022622,0.992939515743133,0.985697195903914
"22",0.533098039215686,0.220052258354931,4.63084569153776,42.601568627451,0.867492252222609,0.989733333333333,0.0267143099951728,25,0.208083628444001,0.161592662334442,0.227896594989579,0.192769087804481,0.440062444424257,0.237573010381311,0.440779726094719,1,0.989733333333333
"23",0.754124188136793,0.172195658106542,7.5673302143838,75.9039615846338,0.884550382545718,0.973895084525412,0.0142803752516849,49,0.249757912068162,0.0485263534355909,0.397378577583004,0.0683536468073726,0.489343106746674,0.743656290520448,0.342683408615613,0.989281320877061,0.984613763648351
"24",0.188489190548014,0.267283249870737,5.97511126175414,38.921568627451,0.873685845251391,0.849103257810473,0.00403890473339024,9,0.0602817153558135,0.169715150608681,0.302035372809041,0.00766500802710652,0.0961753781884909,0.120223280391656,0.431829033139505,0.884232431131387,0.964870826679086
"25",0.65850109274479,0.363679820266348,4.66036746508958,62.1664665866347,0.855626802830743,0.975013607200772,0.0293517790726408,49,0.0597412902279757,0.0645708879455924,0.463263047428336,0.175816912576556,0.136178097687662,0.0582014776300639,0.550906264193575,0.988896605542685,0.986117001658086
"26",0.410814479638009,0.0966585460027597,1.08467441909398,25.7690631808279,0.866779472729275,0.992592592592593,0.0168764860881326,9,0.0133050089352764,0.325720023014583,0.169220547412988,0.107442733738571,0.188636501668952,0.263811857672408,0.308976439382119,1,0.992592592592593
"27",0.209096007059808,0.209583031800363,1.45915311624233,13.3329248366013,0.901497352724772,1,0.0106633591526421,144,0.0202563619241118,0.3924188867677,0.366227585857268,0.145572855928913,0.173144406988285,0.274164163449313,0.631915198256944,1,1
"30",0.169405916212639,0.310756634274696,2.96840518286706,21.5894357743097,0.89299301301627,0.960344714809001,0.0150557278521533,49,0.16902000666596,0.225163626833819,0.42451307582669,0.0938418640755117,0.169707305380143,0.490884716855362,0.500167930256749,0.992362419326705,0.967982295482296
"31",0.489811764705882,0.205047932545242,0.485720567088624,8.4243137254902,0.91758765832981,1,0.0103029264852794,25,0.146973120979965,0.439095380017534,0.34277639038628,0.0802870760671794,0.260012489277869,0.69472884235438,0.761017094017094,1,1
"32",0.414447963800905,0.0877307303576244,2.35446228033489,38.6078431372549,0.928725772938416,0.974924934050005,0.00568169255080043,16,0.123424717632588,0.179469598457217,0.245489626575727,0.0472843738738447,0.135385514353402,0.435028327920008,0.347104003395681,0.993648992968335,0.98127594108167
"33",0.0747157365510307,0.0426675170399471,0.312513208421021,10.5849019607843,0.921404507032003,0.977887970615243,0.000723809523809524,100,0.130322041164618,0.191879495163448,0.143306293024216,0.00828497740440071,0.0715580940013751,0.673703203909099,0.546680320962891,1,0.977887970615243
"34",0.758298386580739,0.514312282753058,2.28686388426668,37.9592156862745,0.87633150484784,0.964331047405086,0.0205995629623439,100,0.240574983647093,0.149919638410211,0.452823965274729,0.0875711964908987,0.19566691305954,0.258175155264325,0.521481068035429,0.981057059579922,0.983273987825164
"35",0.185148172089349,0.257065281065577,2.49876158409391,30.9972766884532,0.856499225646985,0.981785023890287,0.0194291304940577,36,0.146721983270254,0.210174257284962,0.403499590721913,0.127799526788294,0.402670646551996,0.140038806712255,0.46704419402101,0.99611398558767,0.985671038302617
"36",-0.00888032135931295,0.0081840149604681,0.162425179997869,34.5386154461785,0.912305350072847,0.995748299319728,0.00456429706866197,49,0.221374884771649,0.0328209867002442,0.0557421449339017,0.199205657141283,0.38348842470441,0.660084791423287,0.148915957009112,1,0.995748299319728
"37",0.5392092292734,0.181046030832348,1.6506004614308,47.3150218765192,0.884371925538535,0.994753645439752,0.0159045993936322,121,0.0540907412068918,0.159818820073269,0.321888203732669,0.106285598594695,0.145665506832302,0.559860116627533,0.430529934273204,0.99939056083996,0.995363084599791
"38",0.00420469927257257,0.0270857646504369,0.446568733295942,38.2982026143791,0.939667096067451,0.957980949415049,0.00140092049275885,144,0.115922915225383,0.150565249961801,0.0860339775448665,0.0280806122813374,0.215216634678654,0.446921207767446,0.265997501093568,0.981749824071711,0.976231125343338
"40",0.0946162375206493,0.100103218148389,0.191685265936592,10.4420955882353,0.748933766683096,1,0.00944757266941865,64,0.245357921812683,0.481079563498497,0.139404027385171,0.0983488022815436,0.240674086962827,0.448975878709462,0.474145464390936,1,1
"42",0.0941070889894419,0.0811768594510565,1.83239153378967,82.5269607843137,0.910269500563214,0.975242202200313,0.00175121637184702,16,0.189328576379921,0.0118243430042639,0.369852659548633,0.04023796916008,0.0910946787334979,0.301652088237461,0.616971810666935,0.986088307549697,0.989153894650616
"44",0.633081336238199,0.703440380063545,3.0882917551184,6.75671750181554,0.786257670553425,1,0.0218180060478535,81,0.0713815888157114,0.449722987948917,0.342868030047976,0.177160345669836,0.298948669689707,0.740965254139155,0.765906923668549,1,1
"46",0.325258940702791,0.27690318474134,3.88388454147365,24.4963539134662,0.838224119194492,0.920522901767513,0.0151848503872627,121,0.144973385438789,0.204595739371143,0.48951906071743,0.0689663541968912,0.343210520455614,0.000315189419779927,0.532473878067202,0.959718747322795,0.960804154444718
"47",0.0472045523104347,0.0519955833755182,0.78926055535246,42.4492156862745,0.901789047943578,0.981049076624834,0.00285320533682398,100,0.181683468224946,0.0555976610630751,0.185931505437475,0.0292933200951666,0.254253180231899,0.589670117071364,0.481492872747842,0.996320783593511,0.984728293031323
"48",0.388489190548014,0.166956057080976,1.46528752567112,22.797385620915,0.917689589691407,0.980769230769231,0.011522118175751,9,0.210611257818528,0.275851220474578,0.394158824963961,0.160413198312745,0.0277399786282331,0.393851949716918,0.508374451671406,1,0.980769230769231
"49",0.67228674071027,0.518770194046606,1.51303883141138,27.7629411764706,0.64312239764213,0.970554392436745,0.0269437869519709,100,0.221878729527816,0.20537612750195,0.284380190668162,0.169362629996613,0.213741721585393,0.660676634288393,0.551972815597221,0.989561163914105,0.98099322852264
"50",0.634429562594268,0.253391976651498,2.85254919738043,53.8462745098039,0.842100989684715,0.976813721001221,0.019222632753426,25,0.0239426082116552,0.050672854646109,0.332296752498951,0.12640971490182,0.286461420357227,0.376971121528186,0.637110454191731,0.994195105820106,0.982618615181115
"52",0.41044160268134,0.261536066159482,2.69595048588533,35.8410947712418,0.780530603006502,0.835143506420001,0.0116562999408608,144,0.237867759075016,0.114119402016513,0.489457377139479,0.0165213419124484,0.482532699592412,0.682433572481386,0.544311475301548,0.871152790041109,0.963990716378892
"54",0.00678544494720965,0.045487771637066,0.400394536655449,21.3115808823529,0.867887911382132,0.896348267188394,0.00441512320929251,64,0.182858390267938,0.387364516383968,0.097876760258805,0.0101668604649603,0.242555765900761,0.161613353469875,0.231065004816113,0.938739933744463,0.957608333443931
"55",0.124716394489241,0.517142324287423,4.08721986864932,11.1267701525054,0.834271078635485,0.965137693503078,0.00728659348745161,144,0.248496361891739,0.392445634235628,0.459092573879752,0.0639783465769142,0.37692475609947,0.629652842588257,0.57471394347491,0.998234315542008,0.96690337796107
"56",0.406597474923267,0.493796485874197,2.87548448693239,12.5185185185185,0.803887691658479,0.989010989010989,0.00792551181150215,144,0.159817355510313,0.20227738795802,0.478113871079404,0.183976687630638,0.0963904462987557,0.142150165338535,0.759689141944593,1,0.989010989010989
"57",0.169881203763557,0.120168848280461,0.648948959431582,29.797385620915,0.710859346135358,0.98655753968254,0.00842112784387107,36,0.0455498014925979,0.0883474765578285,0.266782164829783,0.115414053108543,0.0868456955067813,0.412799456622452,0.539732245853423,0.998611111111111,0.987946428571429
"58",0.227575999151677,0.418313001271742,3.38380255220408,31.0604440123157,0.695645334672634,0.941736170333731,0.0183360429793486,121,0.0296715288423002,0.174909128574654,0.475397206889465,0.108767742849886,0.428108414169401,0.115349216794129,0.420337738129881,0.965166348802712,0.976569821531019
"59",0.168525148648143,0.129423942567268,1.4780613507528,40.6464106303678,0.862313073756874,0.998445493900039,0.00297681128223483,121,0.085345798637718,0.0205803649732843,0.293312835902907,0.0640146163292229,0.441880592610687,0.447213898762129,0.552088258644876,0.999980322707595,0.998465171192444
"61",1,0.574458927635775,1.844586488337,2,0.953050583200362,1,0,121,0.120331557351165,0.254404192091897,0.227964106504805,0.172747791418806,0.239062216482125,0.549346462357789,0.970506787330317,1,1
"62",-0.0129668174962293,0.0282716653271036,1.48403174557482,49.218137254902,0.898184306258877,1,0.00700596235909092,16,0.0957688108901493,0.0486916186055169,0.110126817028504,0.185749370465055,0.109955468797125,0.541637154354248,0.150241980094558,1,1
"63",0.154816490698844,0.0724675666484299,1.07844427550212,49.2374727668845,0.888022324597782,0.98677559912854,0.000411551515582582,9,0.075869727996178,0.011824369081296,0.335783200198784,0.00357726197689772,0.413398070959374,0.37374088272918,0.591639685917102,0.998888888888889,0.987886710239651
"65",0.0137874405038576,0.0862644604227294,3.66661619894829,72.3317326930772,0.902684768000494,0.977685695782516,0.00682296506950835,49,5.34032005816698e-06,0.0695517767453566,0.141687646729406,0.057594527490437,0.163586430135183,0.057921092316974,0.243285277534074,0.990276745608145,0.987408950174371
"66",0.521687733172489,0.292504918191441,2.2606045327849,30.453737745098,0.90873622356746,0.991345551378446,0.0268875242742961,64,0.158699749503285,0.179935818188824,0.371089671715163,0.198931576265022,0.202586710103787,0.297008671215735,0.624378949264146,1,0.991345551378446
"67",1,0.13606096064958,3.04200475773702,6,0.883778012686335,1,0,100,0.175294782675337,0.374433227349073,0.346069069334771,0.128667784621939,0.0782261185813695,0.242579131212551,0.689219013666072,1,1
"68",0.857823529411765,0.105001499335734,0.627206648854023,19.281862745098,0.777878874817015,0.913856048166393,0.0175408153788357,16,0.0143472963245586,0.196882312186062,0.441017692978494,0.0719252630602568,0.354403661913238,0.69778382970253,0.519877124431394,0.95914912071614,0.954706927450253
"69",0.116328952093658,0.059670696695925,3.29901540193855,58.6606753812636,0.874549168482331,0.995535714285714,0.0155887721538805,36,0.0724422209314071,0.143611016916111,0.143736873590387,0.140855848789215,0.166270223329775,0.588827088475227,0.172499628006019,1,0.995535714285714
"70",0.858198708970768,0.287431020967146,1.4400206115472,2.98621323529412,0.533582140039637,1,0.0006875,64,0.135409987706225,0.2710102138808,0.476933449017815,0.0156441727187485,0.475546728936024,0.278756751387846,0.724081809002413,1,1
"71",0.727471091000503,0.419371794703563,3.01062614026099,50.0936819172113,0.840879445675385,0.75429043229218,0.00378797911906225,9,0.0374828628264368,0.118131633615121,0.345568457234185,0.00101722432300448,0.413651695358567,0.298660454107448,0.480726256491832,0.804802938040376,0.949487494251805
"72",1,0.391835414190466,1.18937943476978,2,0.999257060975579,1,0,100,0.0825046914396808,0.327728614560328,0.376579961099196,0.0160303524695337,0.380943441065028,0.333096494316123,0.759982659170894,1,1
"73",0.64402212166918,0.288178107623592,8.75674580686051,53.1699346405229,0.833860062640139,0.966756770026228,0.027719483589011,9,0.183756146230735,0.124250928871334,0.255487458209973,0.122983857057989,0.00470205338206142,0.595042994187679,0.364383720928493,0.983655841153837,0.983100928872391
"74",0.13479531654871,0.0650500968601732,1.71554034657847,39.3616557734205,0.889875164792872,0.987239499434621,0.00599244604284135,144,0.208816727856174,0.033122745109722,0.276468395965639,0.107851969124749,0.413522631046362,0.213081328198314,0.504355329011402,0.998075998075998,0.989163501358623
"75",0.688834882764294,0.12377878535361,1.41972707308443,31.0966666666667,0.909399770457008,0.971314668628394,0.0144389358171401,100,0.0531564495759085,0.147710169898346,0.371130751736928,0.098663977952674,0.159650887711905,0.0888473803061061,0.40106631700351,0.993144460477794,0.9781702081506
"76",1,0.0779323996562931,0.228463372790826,6,0.960226578334263,1,0,16,0.0858376334072091,0.426886847591959,0.376249402412213,0.144506780616939,0.467298766830936,0.314504898211453,0.647665284062343,1,1
"77",0.0855334668375741,0.087937523737812,0.796963905268665,15.393777345649,0.871152422337916,1,0.0102301661484997,121,0.152611555880867,0.497811990790069,0.172560074389912,0.163622890831903,0.293458172120154,0.502908439084422,0.31009327638543,1,1
"78",-0.010106334841629,0.0214116684751459,1.04503878761389,60.8063725490196,0.923545424653821,0.998106060606061,0.0102623911056631,16,0.21985671017319,0.138881707913242,0.0780636081122793,0.0830898300278932,0.000239839195273817,0.340964119008277,0.0688620443910037,1,0.998106060606061
"79",0.0241150434532787,0.0241994924487276,0.972965988147725,46.7169117647059,0.87571608336289,1,0.00360932135621161,64,0.21239271259401,0.0121961974073201,0.0602842626394704,0.144669164437801,0.0386197972111404,0.658806980762165,0.170558302036278,1,1
"80",0.113757900596136,0.151395401479842,0.691565797272788,52.3115808823529,0.608058690869201,0.973564216473713,0.0202745669939637,64,0.0937096900888719,0.14449307625182,0.159492576809134,0.0863308922853321,0.340371761005372,0.0588228199048899,0.247721564083436,0.989196562460179,0.984367654013533
"82",0.373766570684218,0.0745855836918224,0.631598033794716,43.891568627451,0.931981727294001,0.972580044197759,0.00649890940607782,100,0.097080661857035,0.15566773712635,0.101182420470286,0.0567679901141673,0.0481527135707438,0.594124555354938,0.338499992698103,0.989523799512236,0.983056244685523
"83",0.5564127702363,0.259128261828919,2.11146530259055,21.6666666666667,0.901555805544567,0.98015873015873,0.0215353709506586,9,0.231028812122531,0.236358833150007,0.361104504193645,0.070775047596544,0.0777052857447416,0.445619322883431,0.566326768124154,1,0.98015873015873
"84",0.674490950226244,0.50422995995822,3.11655720866992,36.3367223432583,0.634315281131226,0.918197125068861,0.0256537295368933,81,0.0781357695232145,0.122822109144181,0.495894217980094,0.116327094240114,0.176886842004023,0.00526134140091017,0.51053628139767,0.944684940598081,0.97351218447078
"85",0.00115675101949612,0.0342614503043038,0.912553603262996,62.7467925441782,0.85159008778283,0.915848896124832,0.00868020832175471,81,0.0633035765495151,0.1165107145207,0.103814572654665,0.0380915970541537,0.0544340526685119,0.382398700166959,0.122783971135515,0.941264900754385,0.974583995370447
"86",0.0238088943736003,0.042859471689084,0.972884327832227,44.943137254902,0.885291043761723,0.984103115620763,0.0182791295053787,100,0.210038626857568,0.0745746524771675,0.132934802223463,0.169868494709954,0.106712162378244,0.557508551341016,0.168808559103171,0.995150284138519,0.988952831482243
"87",0.397063896071249,0.0889273054274222,4.19661081088705,36.2637867647059,0.843229093770308,0.953281170452338,0.00486901208432913,64,0.0336958084953949,0.111082622199319,0.0812363903271034,0.0221302125137299,0.110216815490276,0.631185130274389,0.337093590170629,0.978365362457261,0.974915807995076
"88",0.187419356045024,0.122438737506193,2.00868724959164,35.6187003727111,0.875904419398791,0.967379899781604,0.0207808975341812,121,0.0843088171095587,0.182574484264478,0.332209575152956,0.118241325253621,0.232659080997109,0.344206004985608,0.285020252812812,0.989779596653082,0.977600303128522
"89",0.807643235346855,0.192349267842076,2.87353420181179,28.8465413943355,0.891918570414564,0.986616161616162,0.0116159113072206,144,0.00740578584372997,0.155227758805268,0.340357833297458,0.0919432889204472,0.255692403530702,0.251080117304809,0.690101226587216,1,0.986616161616162
"90",0.0435739064856712,0.0797977652344486,0.744814086499343,35.0759803921569,0.785196136477992,0.980747103152095,0.0193954615499617,16,0.163864359317813,0.168632077402435,0.190392487472855,0.116888863965869,0.017820305773057,0.567465486063156,0.214075738262574,1,0.980747103152095
"92",0.150250023086158,0.12623178882381,2.05244839636276,48.2476990796319,0.822741910614492,0.954652364362453,0.0185070471531111,49,0.0182718117139302,0.1302262035897,0.147936468594708,0.109419878479093,0.075401748297736,0.499673042446375,0.246321722283875,0.974473192469075,0.980179171893378
"96",0.51596279537456,0.232502140851629,1.75522556438462,66.3393246187364,0.844814892946772,0.972009318871921,0.00975214135721005,36,0.0957198436371982,0.0487675891490653,0.452878662012517,0.0470849203877151,0.0856115820351988,0.379426112165675,0.590768164377659,0.987975048841667,0.984034270030253
"97",0.124661443494777,0.073589799817977,1.09217591868966,52.0740740740741,0.933397105830738,0.962709087486216,0.00666126217822746,81,0.170014092640486,0.125406998442486,0.163173383974936,0.0414077979978174,0.148837404907681,0.563383470056579,0.382280347304867,0.981609071803295,0.981100015682921
"98",0.356423076923077,0.236466000124287,3.75485830868708,7.97426470588235,0.874353270829742,1,0.000333333333333333,16,0.160619229020085,0.221716249245219,0.196401928260457,0.0143865255173296,0.184542684000917,0.13044293486746,0.683576263197587,1,1
"99",0.00201917155927851,0.0372491420496001,0.694446499109631,63.3835683033544,0.887676850152537,0.960392374990598,0.0120417915100421,121,0.212675696529914,0.119760976405814,0.0875010433024727,0.0718714832793921,0.0656336785759777,0.214829653152265,0.116841424229119,0.977182438070358,0.98320993692024
"101",0.0134573208200659,0.043551845265522,1.62512083687992,23.6865165819414,0.911807751410962,1,0.00242589750317546,81,0.226783663791139,0.261727528180927,0.084952636808157,0.0768748870585114,0.223123735748231,0.486436927865725,0.214306712964,1,1
"103",0.333653092006033,0.1401837282226,0.769197973470645,19.1270588235294,0.913444691344159,0.976666666666667,0.0129563755554752,25,0.0725347418920137,0.112321568303742,0.410349546233192,0.100171761633828,0.245840178336948,0.712534415884875,0.563136641139481,1,0.976666666666667
"104",0.169409207843206,0.363469801227879,1.07003179356772,21.2093923989349,0.696561805338096,0.855259756071406,0.00955421210992298,81,0.0919708067667671,0.26809183252044,0.256155112525448,0.0293438368011266,0.406972065800801,0.113156326871831,0.333613308101604,0.914156660574156,0.94110309549725
"105",0.0470048019207683,0.0371114928919148,0.505956632557648,13.2276910764306,0.823044168059124,0.94931162941367,0.00137154273527311,49,0.222762966528535,0.283137168851681,0.100638349563815,0.0245940965600312,0.0241200572345406,0.0305336538003758,0.345661286879471,0.99546485260771,0.953846776805961
"106",0.0965642282554047,0.0408227051028179,0.933445517676846,31.9577205882353,0.948242899191859,1,0.000636384597466697,64,0.00270118023036048,0.188142051221803,0.152316279127263,0.127624052157626,0.00771381345111877,0.0952956737601198,0.327319662391443,1,1
"107",0.894338863750628,0.401709860182813,2.59245866034918,16.9455337690632,0.931960248058573,1,0.00493729190415051,9,0.0653755383682437,0.166507465997711,0.320388987613842,0.0378929589409381,0.412996091297828,0.383717917255126,0.868828821677119,1,1
"109",0.262920663650075,0.150850471926013,2.19043489804917,25.4274509803922,0.890411960057568,1,0.0110996444837677,100,0.229467597964685,0.170327615691349,0.262680436298251,0.136900588357821,0.034603197243996,0.682589080010075,0.601049568092517,1,1
"110",0.80908497563043,0.404946021263894,4.77449944511033,77.9513855128828,0.897276969304971,0.983247823207204,0.0250928649982003,121,0.215299805859104,0.0897877917159349,0.365824780403636,0.127075779484585,0.0121953553752974,0.269288276787847,0.438538818843467,0.993571516598825,0.989676306608379
"111",0.0208550116550117,0.0463268770565375,1.08799014469859,65.5864705882353,0.893412980759518,0.972169597930901,0.00469016151888081,100,0.0551992632099427,0.0783681452739984,0.146378500678111,0.0281043171882629,0.41759658686351,0.354427147947717,0.295427747188024,0.987082098147591,0.98508749978331
"112",0.641242804814233,0.532575474132538,2.22668548588935,13.3037214885954,0.73401126752192,0.969977025898079,0.0248328238876469,49,0.249707111623138,0.433164262212813,0.402141602232587,0.126423232490197,0.225421406677924,0.669230557861738,0.585112244571583,0.997125750885149,0.972851275012929
"113",0.518169367887015,0.406633893508669,1.65566226953773,8.70725490196078,0.880576948361242,1,0.011731354706525,100,0.00294410029891878,0.279966515838169,0.450090085493866,0.114519486064091,0.0300341892288998,0.198404235590715,0.894864696327504,1,1
"114",0.12571161387632,0.206898631902524,0.838621841581208,19.6878431372549,0.687696662644593,0.948893637226971,0.0334946609236631,25,0.237067429232411,0.211327672121115,0.409289172512945,0.119461612962186,0.0449776732129976,0.292969877889846,0.404534871487707,0.97673314339981,0.972160493827161
"115",0.372866910866911,0.215883541500909,1.71832424598416,29.1938997821351,0.831771196189278,1,0.0135712306296674,36,0.00837022595806047,0.136309446883388,0.387772984651383,0.117788263456896,0.166640056995675,0.478964695532341,0.630928299781401,1,1
"117",-0.0695173453996983,0.0168871492245045,0.326839043212409,69.7254901960784,0.890954235324677,0.996870109546166,0.00134262153797339,9,0.150709268404171,0.0131744709797204,0.0755041542695835,0.0689590191468596,0.492796012433246,0.601309963327367,0.20373271200858,1,0.996870109546166
"120",0.965498642533937,0.443517410032441,3.47444759177847,3.99960784313725,0.916092256335488,1,5.71428571428571e-05,100,0.0160710040363483,0.277882645488717,0.487095878703985,0.110519300121814,0.409922323888168,0.59177638910478,0.888413222534944,1,1
"121",0.00361990950226244,0.0609545424655252,1.41433023749143,75.3376906318083,0.896688011673682,0.988237094337657,0.00384051634115189,9,0.221069908060599,0.0400885188719258,0.2418574405252,0.0361020267475396,0.18486207711976,0.133659020299092,0.402212656796841,1,0.988237094337657
"122",0.470347655909153,0.220754589022625,3.54838974020244,27.8917517420191,0.648299535456239,0.958324569171741,0.0198607097502413,121,0.0205253306776285,0.158124295179732,0.30880220226245,0.0840447074733675,0.0166823710314929,0.66193007142283,0.423730284645983,0.980187416793102,0.978137152378638
"123",0.301105939811822,0.187733178025744,1.43438695421295,56.8545751633987,0.873296778064245,0.992472342472343,0.0251385258907212,36,0.0971714364131913,0.103021380375139,0.361890918761492,0.154931666795164,0.476653907797299,0.299829907540698,0.28537785247112,0.997354497354497,0.995117845117845
"125",0.550401924872513,0.22150698674965,2.02248621822595,47.6432461873638,0.716650247121383,1,0.00839158528469469,36,0.171466727450024,0.0132711287587881,0.368979675113223,0.126161990128458,0.38894641015213,0.695107910432853,0.664893596625323,1,1
"126",0.0549909776498012,0.21126545220726,2.20098637636359,25.8441176470588,0.857071074997401,0.957840353853702,0.0153839108306639,100,0.101305985182989,0.269207545323297,0.308132381748874,0.0965208153240383,0.0777788904961199,0.117618334188592,0.38557158955029,0.986857765643083,0.970982588210619
"127",0.202002011060835,0.697900377655712,1.00488138942653,9.38834422657952,0.534629802945618,0.710363254859053,0.00551262396277577,36,0.225988924619742,0.384156340034679,0.420656587951817,0.000305493734776974,0.331644386518747,0.585785418574233,0.531626566128214,0.795771726717105,0.914591528141948
"128",0.624095022624434,0.138060477029636,1.98666695682028,34.400871459695,0.93910588812121,1,0.00489080329264729,9,0.0926304936874658,0.172475237050094,0.33484341314761,0.0552400413434952,0.412761682760902,0.242352512315847,0.550729145435028,1,1
"129",0.0179547780650722,0.0487966733234107,1.05878208880315,70.1973039215686,0.901126277392546,0.947050654082148,0.00644506770339186,64,0.186741756508127,0.0813666057074443,0.255864976614248,0.0359614646527916,0.268951233942062,0.0467686409829184,0.340316935583766,0.965150616052666,0.981900038029481
"134",0.218715224644636,0.210853895230761,2.34822822528267,37.3739215686275,0.881392119989033,0.986143138704114,0.00946215159424056,100,0.198044817894697,0.0344375818967819,0.356925752048846,0.157220717193559,0.35933726048097,0.309337090293411,0.546870128007094,0.999220251293422,0.986922887410692
"135",-0.0529009552538964,0.167154928115735,5.86757813447015,38.2244008714597,0.897358036614043,0.98062015503876,0.0096610977017896,9,0.121598050405737,0.164079061709344,0.16775280094007,0.0608221353963017,0.105098215979524,0.477332770242356,0.40279817884442,0.993540051679587,0.987080103359173
"136",0.785376131221719,0.444309022343005,2.48010275449221,42.7549019607843,0.816485793625606,0.967265839423704,0.0209885806290876,64,0.00170632777735591,0.14787918899674,0.428052667516749,0.175735172955319,0.108936095028184,0.36116238712566,0.598049921743609,0.986232645783762,0.981033193639942
"137",-0.0284439416792358,0.0465917606845582,0.98332031609556,40.7037037037037,0.904875163045779,1,0.00778331474897655,9,0.199570209719241,0.058810607297346,0.163685038080439,0.132512380927801,0.23286545497831,0.394104747043457,0.283025124643067,1,1
"138",0.324006787330317,0.233575085389736,0.775689613281701,17.5073529411765,0.894732093119194,1,0.00521933848686102,16,0.234927733428776,0.21482985059265,0.3473895644187,0.0790403163991868,0.0489280866459012,0.437931487394962,0.608809681517784,1,1
"139",0.0244355343276912,0.0210213517908914,0.664901715455261,92.9622367465505,0.890416209910784,0.92418921617502,0.00174443066559811,81,0.248038747988176,0.0402568046702072,0.118392737500835,0.00905962577089667,0.476740601472557,0.178742817370221,0.210949833016607,0.941317689425849,0.982871526749171
"140",-0.0192232277526395,0.0827865965784497,2.26942552540614,32.5208333333333,0.878457182519235,0.866879470996127,0.0067678721817528,16,0.229430288251024,0.18628169700969,0.15420268814778,0.019003597041592,0.0211883562151343,0.423265367047861,0.215282529754775,0.901634878505867,0.96524459249026
"141",0.194536577047889,0.313308244573907,6.73791698450765,50.9598311546841,0.888772048816171,0.954861718102434,0.0181588949353726,144,0.0143651757389307,0.103013428626582,0.477269537036773,0.0895740625448525,0.0922296590870246,0.271159809606615,0.420974282291328,0.974922105370067,0.979939612732368
"142",0.333088414853121,0.333675562716026,6.0387831585439,61.7249455337691,0.814123193582833,0.951782580573196,0.0299088023780335,36,0.0800497091840953,0.111084905569442,0.262331659439951,0.174618655536324,0.129684902029112,0.201076725614257,0.328917658555032,0.973945659563824,0.977836921009372
"143",0.210596681749623,0.118567730339969,4.58710295713291,55.3286274509804,0.881636732166054,0.987414066631412,0.0157569124262352,25,0.118935868900735,0.121124199358746,0.29034466202138,0.114949421072379,0.474554801010527,0.256422164908145,0.258552723800906,0.996982196368764,0.990431870262648
"144",0.0846857717445953,0.219803698885434,2.225561780175,64.8104575163399,0.844939091354816,1,0.00262277821235887,9,0.13184618006926,0.0144737582886592,0.443899667682126,0.113400565553457,0.070880907587707,0.0852587556000799,0.516339902962951,1,1
"145",0.0730757388778779,0.0459358610398674,0.985105293407227,124.943445146654,0.915034015638198,0.996428925784105,0.00662859157418205,121,0.169016932835802,0.0117400892777368,0.186640565621201,0.180474239401519,0.00785269087646157,0.374421785061713,0.379704627425308,0.999573898030558,0.996855027753548
"146",0.00457767722473605,0.0536767271466956,0.941191480318784,21.0501089324619,0.838842929842934,0.935138888888889,0.00847519253865331,9,0.0642917396035045,0.383343647001311,0.104376791848335,0.033680282952264,0.129965816857293,0.0492239651503041,0.147142334966823,0.959444444444444,0.975694444444444
"149",0.873924100032697,0.232305376401054,1.24972695981505,11.4494825708061,0.907430662007539,1,0.00454025977479112,144,0.00900847208686173,0.332669348688796,0.351413320295978,0.0651337381452322,0.18005084595643,0.00711095903534442,0.743951139369637,1,1
"150",1,0.0624766581722203,1.23119062389133,2,0.997895171633411,1,0,81,0.119700743933208,0.333332563517615,0.138269633706659,0.0852180009707809,0.120725600980222,0.427409216703381,0.34093427741467,1,1
"151",0.151187631975867,0.0742046741405206,0.630739114333145,28.5058823529412,0.872631983354996,1,0.00516584904858519,25,0.0593705717474222,0.0368500197073445,0.46765485026408,0.134982830192894,0.430627064430155,0.490142976399511,0.521086357726114,1,1
"152",1,0.0156439955807003,0.207835498119915,10,0.897176107392387,1,0,49,0.080876604130026,0.251731537631713,0.10364612552803,0.12693377896212,0.20201823534444,0.134533731266856,0.479234078246683,1,1
"154",0.0810735832794656,0.13880665375619,1.42977042306049,27.7227328431373,0.857346229542376,0.939213894690533,0.00691341929721482,64,0.119263589556795,0.190464700106531,0.308263677870855,0.0127221058588475,0.397987940581515,0.346074677654542,0.410936697532531,0.968782741710103,0.97043115298043
"155",0.369623195432019,0.0924480931379747,0.458040919718663,12.6427696078431,0.949210488036392,1,0.00183297101449275,64,0.0316308587207459,0.224082747125067,0.118832754099276,0.0592409959062934,0.389194341492839,0.63313375756843,0.627625232045481,1,1
"157",0.258440272739738,0.337980498555559,2.2907776537913,30.5122346459245,0.767736704287241,0.939464297762343,0.00669621858341452,121,0.161374246468768,0.0853933218168095,0.467678255576175,0.0385562995448709,0.332643038011156,0.351154570758808,0.489610082854494,0.973982432103482,0.965481865658861
"159",0.500820078614196,0.489476246173701,2.2661291750368,13.2065631808279,0.8283866363187,0.916461202984036,0.0187817169528006,144,0.182624032255262,0.333226251648739,0.450828085769899,0.038812952209264,0.46586583845783,0.231227165088058,0.573992036076788,0.965176140437363,0.951285062546672
"160",0.0112538272755217,0.0126653002410588,0.201714702697226,39.2080610021787,0.895511812713666,0.989996114996115,0.00481168260193961,144,0.0998736585606821,0.156204836093821,0.0838978860876523,0.103094518883154,0.155298970057629,0.157484176161233,0.159947475300751,1,0.989996114996115
"161",0.0168340874811463,0.0295442259686048,0.848844534220873,50.6211764705882,0.89020866979592,1,0.0091390578660716,25,0.0775624794187024,0.0601564506068826,0.119429034623317,0.122175130667165,0.375894473050721,0.252826030540746,0.23405898107642,1,1
"162",0.77218940952096,0.292420024321129,3.48996799369167,47.5392967104197,0.849730697883657,0.961481873085654,0.0376022360015931,121,0.242647078237496,0.154880986898206,0.315020846971311,0.182649424346164,0.359654656611383,0.418109483085573,0.433060836627585,0.978581524817195,0.982900348268458
"163",0.132435294117647,0.283145745702383,0.981826026591323,42.4313725490196,0.725503387805136,0.988027210884354,0.0218611272141575,25,0.17051032470772,0.101021613460034,0.340221755194943,0.189979940187186,0.394803183502518,0.139359497465193,0.413810929059586,0.999319727891156,0.988707482993197
"164",0.42951282051282,0.526286288990564,5.90565960102792,33.8688725490196,0.760536991739433,0.891549247321189,0.02980069266624,16,0.0456103516626172,0.127369426540099,0.451704290846828,0.107007541926578,0.481949381995946,0.54625834536273,0.450591441836747,0.926440454744008,0.965108792577181
"167",0.645432039855569,0.323368362015984,5.41941803596021,63.6835294117647,0.860539216004761,0.946871675471238,0.0191962757364559,100,0.154960465675686,0.0780751476995647,0.493229512055404,0.077697533229366,0.169249431812204,0.0602984164142981,0.495705349839826,0.964225417316698,0.98264625815454
"168",0.0947345399698341,0.0188041342657676,0.54671849744435,19.1948529411765,0.926342925542445,0.96875,0.000364691614691615,16,0.109977188229095,0.202461938839406,0.0695051690679975,0.00609415876679122,0.343197456328198,0.559993587259669,0.238766400100231,0.991666666666667,0.977083333333333
"169",0.480978129713424,0.318130993164739,1.03947593619479,32.8075980392157,0.756540224666683,0.95779045614057,0.0141338552483651,16,0.119795907230582,0.116766694700345,0.264467687089928,0.0635377380996942,0.12066360656172,0.0954574064235203,0.488664659094439,0.986263550135501,0.971526906005068
"170",-0.00127325289089995,0.0489453978659037,2.96394661528792,44.1722494553377,0.917622707440673,1,0.00320560588734705,144,0.230170991213527,0.0590589845087379,0.0838296925998293,0.0638729596976191,0.295982592040673,0.326366423279978,0.219634618955728,1,1
"171",0.330167663219134,0.186536218319254,2.13766337958522,53.9132965686275,0.879859544151184,1,0.00872716158796775,64,0.141939568624366,0.0097672485280782,0.411984945542645,0.164833397092298,0.151853174902499,0.561343078035861,0.747168378393364,1,1
"174",1,0.032893641307618,0.582407827811178,3,0.916458800891443,1,0,49,0.00833364448044449,0.389332204125822,0.145195819903165,0.138405602006242,0.0978947811527178,0.587605205015279,0.374538379454346,1,1
"175",0.0967966673849027,0.21292928639946,4.64539627456929,79.0942265795207,0.856777647524234,0.895422699985999,0.00641015087313681,36,0.00559720396995544,0.0681646735174581,0.289340463397093,0.0218528319150209,0.449036095407791,0.623514235834591,0.37129838621703,0.923497802795077,0.971924897190921
"179",0.146615261489211,0.0800749435183576,1.52051801400208,47.141256502601,0.910848888215546,0.971452895784164,0.0020774418242974,49,0.0205290464800783,0.00612963689491153,0.340980089863297,0.040573399933055,0.251224353211001,0.27533873351058,0.571676363967588,0.991212775926697,0.980240119857467
"181",0.220860999613374,0.15361267697458,2.24049229771963,62.469362745098,0.882038555072231,0.991863251879699,0.0305585957222724,64,0.216121141100302,0.111772514414042,0.364796488836873,0.150494198035449,0.295006641303189,0.168806964706164,0.428719257883847,0.999003237259816,0.992860014619883
"183",0.164610996846291,0.0903693344166127,1.7621465402737,36.0482903905364,0.883046962755208,0.965245050007687,0.0170056286732311,121,0.216867204755545,0.173250498599373,0.201795211678837,0.0813536811154336,0.325679082190618,0.69973378063878,0.324748876625207,0.983952145582936,0.981292904424751
"184",0.107169760957996,0.0872268422627836,4.37309392012044,53.8386274509804,0.926881034996516,0.999655172413793,0.0148720083672133,100,0.0833889729110524,0.136179957888089,0.176587666454725,0.167499265260994,0.30716827546712,0.0261363593162969,0.246593678887843,1,0.999655172413793
"185",0.659432413991237,0.126387784559752,2.4331601347999,42.1908700980392,0.900372139812128,1,0.00740965105727258,64,0.101207129773684,0.0474729358684272,0.153229114064015,0.124968035379425,0.141728376154788,0.728325487696566,0.458211462842409,1,1
"186",0.196920060331825,0.0962899113793641,1.6858107696817,48.8835784313725,0.870013996723311,0.987954227812718,0.0111239981562529,16,0.161482474533841,0.0802794203627855,0.208503761864267,0.0843361089471728,0.106511751073413,0.0130194968660362,0.358714702467654,0.998759608665269,0.989194619147449
"187",1,0.232406284806016,1.62549802077482,4,0.972284643721559,1,0,144,0.0211517545976676,0.452005145023577,0.171063971833792,0.124317234987393,0.388922644895501,0.335469435376581,0.552061550503293,1,1
"188",0.239250194250194,0.23002919412266,4.28512753951005,14.0019063180828,0.855222118811223,0.844362575598063,0.00965849998582558,144,0.059520912298467,0.308797623147257,0.40082001456758,0.0304590984247625,0.167264006449841,0.644228658406064,0.409605435382077,0.915040015549561,0.929322560048502
"191",0.513512353659412,0.113418520159598,2.13916417556421,109.488664215686,0.894443808647431,0.999728260869565,0.00850002797463968,64,0.0704147096839733,0.017054904368706,0.192466647771653,0.125690067466348,0.334513838985004,0.67143238009885,0.444523653647987,1,0.999728260869565
"193",0.456185883470197,0.106350039591827,1.68057436207186,6.97216170418785,0.902296947733155,1,0.000379867046533713,81,0.179486470820848,0.257553782430477,0.0663908158428967,0.0212950531858951,0.479061091784388,0.501799685123842,0.536244442356516,1,1
"194",0.0457313488650387,0.0388113023163906,0.789260772764071,55.3741695025117,0.870943090767779,0.913397503878994,0.0108281783655525,121,0.244578813551925,0.116197237046435,0.0808308126637712,0.0459991945885122,0.310416197055019,0.742498718958814,0.157843801206657,0.938101905417603,0.975295598461391
"195",0.665829339143065,0.142842515571989,0.525610449813147,1.99370612442508,0.708592200814268,1,0.00164609053497942,81,0.21598955168156,0.401962902513333,0.452833625627682,0.126068130554631,0.0421074060723186,0.587719496979844,0.687384771095135,1,1
"196",0.0212945852538613,0.0279808548575693,0.795631581852301,55.6135620915033,0.850549584011891,0.950112143739642,0.011531835258848,144,0.0625260100350715,0.159721457515843,0.0879698721691966,0.0860021692700684,0.0870341312838718,0.462465493998025,0.150838725845033,0.970302735435155,0.979809408304487
"197",0.684316742081448,0.109188240755661,1.02821283439486,23.4227941176471,0.89637619559299,0.987962962962963,0.0128538655859469,16,0.0456176444422454,0.0749040902592242,0.45433913404122,0.181244277721271,0.351992723415606,0.195664404134732,0.523702038562521,1,0.987962962962963
"198",0.357534355622591,0.170076422701128,1.57434142565903,38.0513192931494,0.878297506279692,0.982578964144103,0.0312928352988555,81,0.192788250744343,0.183856629417278,0.195115850004368,0.15015733265318,0.222182181081735,0.612586295173969,0.334607790653888,0.998577674897119,0.984001289246983
